-- Миграция 003: Полноценные тестовые данные (Часть 1)
-- Дата: 29.06.2026

BEGIN;

-- ======================================================================
-- 1. ИЕРАРХИЯ ПОДРАЗДЕЛЕНИЙ
-- ======================================================================
INSERT INTO departments (id, parent_id, path, name) VALUES
  ('20000000-0000-0000-0000-000000000001', NULL, '20000000-0000-0000-0000-000000000001/', 'Завод №1'),
  ('20000000-0000-0000-0000-000000000002', '20000000-0000-0000-0000-000000000001', '20000000-0000-0000-0000-000000000001/20000000-0000-0000-0000-000000000002/', 'Отдел обучения персонала'),
  ('20000000-0000-0000-0000-000000000003', '20000000-0000-0000-0000-000000000002', '20000000-0000-0000-0000-000000000001/20000000-0000-0000-0000-000000000002/20000000-0000-0000-0000-000000000003/', 'Группа обучения'),
  ('20000000-0000-0000-0000-000000000004', '20000000-0000-0000-0000-000000000002', '20000000-0000-0000-0000-000000000001/20000000-0000-0000-0000-000000000002/20000000-0000-0000-0000-000000000004/', 'Группа контроля допусков'),
  ('20000000-0000-0000-0000-000000000005', '20000000-0000-0000-0000-000000000001', '20000000-0000-0000-0000-000000000001/20000000-0000-0000-0000-000000000005/', 'Цех механосборочный'),
  ('20000000-0000-0000-0000-000000000006', '20000000-0000-0000-0000-000000000005', '20000000-0000-0000-0000-000000000001/20000000-0000-0000-0000-000000000005/20000000-0000-0000-0000-000000000006/', 'Участок токарных ЧПУ'),
  ('20000000-0000-0000-0000-000000000007', '20000000-0000-0000-0000-000000000005', '20000000-0000-0000-0000-000000000001/20000000-0000-0000-0000-000000000005/20000000-0000-0000-0000-000000000007/', 'Участок фрезерных ЧПУ'),
  ('20000000-0000-0000-0000-000000000008', '20000000-0000-0000-0000-000000000005', '20000000-0000-0000-0000-000000000001/20000000-0000-0000-0000-000000000005/20000000-0000-0000-0000-000000000008/', 'Слесарный участок'),
  ('20000000-0000-0000-0000-000000000009', '20000000-0000-0000-0000-000000000001', '20000000-0000-0000-0000-000000000001/20000000-0000-0000-0000-000000000009/', 'Служба контроля качества'),
  ('20000000-0000-0000-0000-000000000010', '20000000-0000-0000-0000-000000000009', '20000000-0000-0000-0000-000000000001/20000000-0000-0000-0000-000000000009/20000000-0000-0000-0000-000000000010/', 'Отдел контроля качества'),
  ('20000000-0000-0000-0000-000000000011', '20000000-0000-0000-0000-000000000010', '20000000-0000-0000-0000-000000000001/20000000-0000-0000-0000-000000000009/20000000-0000-0000-0000-000000000010/20000000-0000-0000-0000-000000000011/', 'Группа контролёров'),
  ('20000000-0000-0000-0000-000000000012', '20000000-0000-0000-0000-000000000001', '20000000-0000-0000-0000-000000000001/20000000-0000-0000-0000-000000000012/', 'Служба главного технолога'),
  ('20000000-0000-0000-0000-000000000013', '20000000-0000-0000-0000-000000000012', '20000000-0000-0000-0000-000000000001/20000000-0000-0000-0000-000000000012/20000000-0000-0000-0000-000000000013/', 'Отдел механообработки на ЧПУ'),
  ('20000000-0000-0000-0000-000000000014', '20000000-0000-0000-0000-000000000013', '20000000-0000-0000-0000-000000000001/20000000-0000-0000-0000-000000000012/20000000-0000-0000-0000-000000000013/20000000-0000-0000-0000-000000000014/', 'Группа токарной обработки на ЧПУ'),
  ('20000000-0000-0000-0000-000000000015', '20000000-0000-0000-0000-000000000013', '20000000-0000-0000-0000-000000000001/20000000-0000-0000-0000-000000000012/20000000-0000-0000-0000-000000000013/20000000-0000-0000-0000-000000000015/', 'Группа фрезерной обработки на ЧПУ'),
  ('20000000-0000-0000-0000-000000000016', '20000000-0000-0000-0000-000000000012', '20000000-0000-0000-0000-000000000001/20000000-0000-0000-0000-000000000012/20000000-0000-0000-0000-000000000016/', 'Отдел основного производства'),
  ('20000000-0000-0000-0000-000000000017', '20000000-0000-0000-0000-000000000016', '20000000-0000-0000-0000-000000000001/20000000-0000-0000-0000-000000000012/20000000-0000-0000-0000-000000000016/20000000-0000-0000-0000-000000000017/', 'Группа основного производства'),
  ('20000000-0000-0000-0000-000000000018', '20000000-0000-0000-0000-000000000001', '20000000-0000-0000-0000-000000000001/20000000-0000-0000-0000-000000000018/', 'Управление по информационным технологиям'),
  ('20000000-0000-0000-0000-000000000019', '20000000-0000-0000-0000-000000000018', '20000000-0000-0000-0000-000000000001/20000000-0000-0000-0000-000000000018/20000000-0000-0000-0000-000000000019/', 'Отдел разработки'),
  ('20000000-0000-0000-0000-000000000020', '20000000-0000-0000-0000-000000000019', '20000000-0000-0000-0000-000000000001/20000000-0000-0000-0000-000000000018/20000000-0000-0000-0000-000000000019/20000000-0000-0000-0000-000000000020/', 'Группа разработки основного ПО'),
  ('20000000-0000-0000-0000-000000000021', '20000000-0000-0000-0000-000000000019', '20000000-0000-0000-0000-000000000001/20000000-0000-0000-0000-000000000018/20000000-0000-0000-0000-000000000019/20000000-0000-0000-0000-000000000021/', 'Группа разработки вспомогательного ПО'),
  ('20000000-0000-0000-0000-000000000022', '20000000-0000-0000-0000-000000000018', '20000000-0000-0000-0000-000000000001/20000000-0000-0000-0000-000000000018/20000000-0000-0000-0000-000000000022/', 'Отдел проектирования'),
  ('20000000-0000-0000-0000-000000000023', '20000000-0000-0000-0000-000000000022', '20000000-0000-0000-0000-000000000001/20000000-0000-0000-0000-000000000018/20000000-0000-0000-0000-000000000022/20000000-0000-0000-0000-000000000023/', 'Группа проектирования архитектуры'),
  ('20000000-0000-0000-0000-000000000024', '20000000-0000-0000-0000-000000000022', '20000000-0000-0000-0000-000000000001/20000000-0000-0000-0000-000000000018/20000000-0000-0000-0000-000000000022/20000000-0000-0000-0000-000000000024/', 'Группа проектирования основного ПО'),
  ('20000000-0000-0000-0000-000000000025', '20000000-0000-0000-0000-000000000022', '20000000-0000-0000-0000-000000000001/20000000-0000-0000-0000-000000000018/20000000-0000-0000-0000-000000000022/20000000-0000-0000-0000-000000000025/', 'Группа проектирования вспомогательного ПО');

-- ======================================================================
-- 2. ПОЛЬЗОВАТЕЛИ
-- ======================================================================
INSERT INTO users (id, login, password_hash, role) VALUES
  ('00000000-0000-0000-0000-000000000001', 'admin1', 'temp_hash', 'admin'),
  ('00000000-0000-0000-0000-000000000002', 'admin2', 'temp_hash', 'admin'),
  ('00000000-0000-0000-0000-000000000010', 'head_training', 'temp_hash', 'manager'),
  ('00000000-0000-0000-0000-000000000011', 'head_group_edu', 'temp_hash', 'manager'),
  ('00000000-0000-0000-0000-000000000012', 'head_group_adm', 'temp_hash', 'manager'),
  ('00000000-0000-0000-0000-000000000013', 'head_mech_shop', 'temp_hash', 'manager'),
  ('00000000-0000-0000-0000-000000000014', 'head_turn_cnc', 'temp_hash', 'manager'),
  ('00000000-0000-0000-0000-000000000015', 'head_mill_cnc', 'temp_hash', 'manager'),
  ('00000000-0000-0000-0000-000000000016', 'head_locksmith', 'temp_hash', 'manager'),
  ('00000000-0000-0000-0000-000000000017', 'head_qc_service', 'temp_hash', 'manager'),
  ('00000000-0000-0000-0000-000000000018', 'head_qc_dept', 'temp_hash', 'manager'),
  ('00000000-0000-0000-0000-000000000019', 'head_qc_group', 'temp_hash', 'manager'),
  ('00000000-0000-0000-0000-000000000020', 'head_chief_tech', 'temp_hash', 'manager'),
  ('00000000-0000-0000-0000-000000000021', 'head_mach_dept', 'temp_hash', 'manager'),
  ('00000000-0000-0000-0000-000000000022', 'head_turn_group', 'temp_hash', 'manager'),
  ('00000000-0000-0000-0000-000000000023', 'head_mill_group', 'temp_hash', 'manager'),
  ('00000000-0000-0000-0000-000000000024', 'head_prod_dept', 'temp_hash', 'manager'),
  ('00000000-0000-0000-0000-000000000025', 'head_prod_group', 'temp_hash', 'manager'),
  ('00000000-0000-0000-0000-000000000026', 'head_it', 'temp_hash', 'manager'),
  ('00000000-0000-0000-0000-000000000027', 'head_dev_dept', 'temp_hash', 'manager'),
  ('00000000-0000-0000-0000-000000000028', 'head_dev_main', 'temp_hash', 'manager'),
  ('00000000-0000-0000-0000-000000000029', 'head_dev_aux', 'temp_hash', 'manager'),
  ('00000000-0000-0000-0000-000000000101', 'trainer1', 'temp_hash', 'trainer'),
  ('00000000-0000-0000-0000-000000000102', 'trainer2', 'temp_hash', 'trainer'),
  ('00000000-0000-0000-0000-000000000103', 'trainer3', 'temp_hash', 'trainer'),
  ('00000000-0000-0000-0000-000000000104', 'trainer4', 'temp_hash', 'trainer'),
  ('00000000-0000-0000-0000-000000000105', 'trainer5', 'temp_hash', 'trainer'),
  ('00000000-0000-0000-0000-000000000106', 'trainer6', 'temp_hash', 'trainer'),
  ('00000000-0000-0000-0000-000000000107', 'trainer7', 'temp_hash', 'trainer'),
  ('00000000-0000-0000-0000-000000000108', 'trainer8', 'temp_hash', 'trainer'),
  ('00000000-0000-0000-0000-000000000109', 'trainer9', 'temp_hash', 'trainer'),
  ('00000000-0000-0000-0000-000000000110', 'trainer10', 'temp_hash', 'trainer');

-- ======================================================================
-- 3. СОТРУДНИКИ (АДМИНЫ, РУКОВОДИТЕЛИ, ТРЕНЕРЫ)
-- ======================================================================
INSERT INTO employees (id, personnel_number, last_name, first_name, middle_name, position, department_id, manager_id, status, email, user_id) VALUES
  ('10000000-0000-0000-0000-000000000001', 'ADM001', 'Дуров', 'Павел', 'Валерьевич', 'Главный администратор', '20000000-0000-0000-0000-000000000001', NULL, 'active', 'durov@zavod1.ru', '00000000-0000-0000-0000-000000000001'),
  ('10000000-0000-0000-0000-000000000002', 'ADM002', 'Гейтс', 'Билл', 'Генри', 'Администратор', '20000000-0000-0000-0000-000000000001', NULL, 'active', 'gates@zavod1.ru', '00000000-0000-0000-0000-000000000002'),
  ('10000000-0000-0000-0000-000000000010', 'R001', 'Иванов', 'Иван', 'Иванович', 'Начальник отдела обучения', '20000000-0000-0000-0000-000000000002', '10000000-0000-0000-0000-000000000001', 'active', 'ivanov@zavod1.ru', '00000000-0000-0000-0000-000000000010'),
  ('10000000-0000-0000-0000-000000000011', 'R002', 'Петров', 'Пётр', 'Петрович', 'Руководитель группы обучения', '20000000-0000-0000-0000-000000000003', '10000000-0000-0000-0000-000000000010', 'active', 'petrov@zavod1.ru', '00000000-0000-0000-0000-000000000011'),
  ('10000000-0000-0000-0000-000000000012', 'R003', 'Сидоров', 'Сидор', 'Сидорович', 'Руководитель группы допусков', '20000000-0000-0000-0000-000000000004', '10000000-0000-0000-0000-000000000010', 'active', 'sidorov@zavod1.ru', '00000000-0000-0000-0000-000000000012'),
  ('10000000-0000-0000-0000-000000000013', 'R004', 'Смирнов', 'Алексей', 'Алексеевич', 'Начальник цеха', '20000000-0000-0000-0000-000000000005', '10000000-0000-0000-0000-000000000001', 'active', 'smirnov@zavod1.ru', '00000000-0000-0000-0000-000000000013'),
  ('10000000-0000-0000-0000-000000000014', 'R005', 'Кузнецов', 'Николай', 'Николаевич', 'Мастер участка токарных ЧПУ', '20000000-0000-0000-0000-000000000006', '10000000-0000-0000-0000-000000000013', 'active', 'kuznetsov@zavod1.ru', '00000000-0000-0000-0000-000000000014'),
  ('10000000-0000-0000-0000-000000000015', 'R006', 'Попов', 'Андрей', 'Андреевич', 'Мастер участка фрезерных ЧПУ', '20000000-0000-0000-0000-000000000007', '10000000-0000-0000-0000-000000000013', 'active', 'popov@zavod1.ru', '00000000-0000-0000-0000-000000000015'),
  ('10000000-0000-0000-0000-000000000016', 'R007', 'Васильев', 'Василий', 'Васильевич', 'Мастер слесарного участка', '20000000-0000-0000-0000-000000000008', '10000000-0000-0000-0000-000000000013', 'active', 'vasiliev@zavod1.ru', '00000000-0000-0000-0000-000000000016'),
  ('10000000-0000-0000-0000-000000000017', 'R008', 'Соколов', 'Сергей', 'Сергеевич', 'Начальник службы качества', '20000000-0000-0000-0000-000000000009', '10000000-0000-0000-0000-000000000001', 'active', 'sokolov@zavod1.ru', '00000000-0000-0000-0000-000000000017'),
  ('10000000-0000-0000-0000-000000000018', 'R009', 'Михайлов', 'Михаил', 'Михайлович', 'Начальник отдела контроля', '20000000-0000-0000-0000-000000000010', '10000000-0000-0000-0000-000000000017', 'active', 'mikhailov@zavod1.ru', '00000000-0000-0000-0000-000000000018'),
  ('10000000-0000-0000-0000-000000000019', 'R010', 'Новиков', 'Александр', 'Александрович', 'Руководитель группы контролёров', '20000000-0000-0000-0000-000000000011', '10000000-0000-0000-0000-000000000018', 'active', 'novikov@zavod1.ru', '00000000-0000-0000-0000-000000000019'),
  ('10000000-0000-0000-0000-000000000020', 'R011', 'Морозов', 'Игорь', 'Игоревич', 'Главный технолог', '20000000-0000-0000-0000-000000000012', '10000000-0000-0000-0000-000000000001', 'active', 'morozov@zavod1.ru', '00000000-0000-0000-0000-000000000020'),
  ('10000000-0000-0000-0000-000000000021', 'R012', 'Волков', 'Дмитрий', 'Дмитриевич', 'Начальник отдела мехобработки', '20000000-0000-0000-0000-000000000013', '10000000-0000-0000-0000-000000000020', 'active', 'volkov@zavod1.ru', '00000000-0000-0000-0000-000000000021'),
  ('10000000-0000-0000-0000-000000000022', 'R013', 'Зайцев', 'Олег', 'Олегович', 'Руководитель токарной группы', '20000000-0000-0000-0000-000000000014', '10000000-0000-0000-0000-000000000021', 'active', 'zaitsev@zavod1.ru', '00000000-0000-0000-0000-000000000022'),
  ('10000000-0000-0000-0000-000000000023', 'R014', 'Павлов', 'Павел', 'Павлович', 'Руководитель фрезерной группы', '20000000-0000-0000-0000-000000000015', '10000000-0000-0000-0000-000000000021', 'active', 'pavlov@zavod1.ru', '00000000-0000-0000-0000-000000000023'),
  ('10000000-0000-0000-0000-000000000024', 'R015', 'Семёнов', 'Семён', 'Семёнович', 'Начальник отдела производства', '20000000-0000-0000-0000-000000000016', '10000000-0000-0000-0000-000000000020', 'active', 'semenov@zavod1.ru', '00000000-0000-0000-0000-000000000024'),
  ('10000000-0000-0000-0000-000000000025', 'R016', 'Егоров', 'Егор', 'Егорович', 'Руководитель группы производства', '20000000-0000-0000-0000-000000000017', '10000000-0000-0000-0000-000000000024', 'active', 'egorov@zavod1.ru', '00000000-0000-0000-0000-000000000025'),
  ('10000000-0000-0000-0000-000000000026', 'R017', 'Николаев', 'Николай', 'Николаевич', 'Начальник управления ИТ', '20000000-0000-0000-0000-000000000018', '10000000-0000-0000-0000-000000000001', 'active', 'nikolaev@zavod1.ru', '00000000-0000-0000-0000-000000000026'),
  ('10000000-0000-0000-0000-000000000027', 'R018', 'Орлов', 'Олег', 'Олегович', 'Начальник отдела разработки', '20000000-0000-0000-0000-000000000019', '10000000-0000-0000-0000-000000000026', 'active', 'orlov@zavod1.ru', '00000000-0000-0000-0000-000000000027'),
  ('10000000-0000-0000-0000-000000000028', 'R019', 'Андреев', 'Андрей', 'Андреевич', 'Руководитель группы осн. ПО', '20000000-0000-0000-0000-000000000020', '10000000-0000-0000-0000-000000000027', 'active', 'andreev@zavod1.ru', '00000000-0000-0000-0000-000000000028'),
  ('10000000-0000-0000-0000-000000000029', 'R020', 'Алексеев', 'Алексей', 'Алексеевич', 'Руководитель группы всп. ПО', '20000000-0000-0000-0000-000000000021', '10000000-0000-0000-0000-000000000027', 'active', 'alekseev@zavod1.ru', '00000000-0000-0000-0000-000000000029'),
  ('10000000-0000-0000-0000-000000000030', 'R021', 'Макаров', 'Макар', 'Макарович', 'Начальник отдела проектирования', '20000000-0000-0000-0000-000000000022', '10000000-0000-0000-0000-000000000026', 'active', 'makarov@zavod1.ru', NULL),
  ('10000000-0000-0000-0000-000000000031', 'R022', 'Никитин', 'Никита', 'Никитич', 'Руководитель группы архитектуры', '20000000-0000-0000-0000-000000000023', '10000000-0000-0000-0000-000000000030', 'active', 'nikitin@zavod1.ru', NULL),
  ('10000000-0000-0000-0000-000000000032', 'R023', 'Ефимов', 'Ефим', 'Ефимович', 'Руководитель группы осн. ПО (проект)', '20000000-0000-0000-0000-000000000024', '10000000-0000-0000-0000-000000000030', 'active', 'efimov@zavod1.ru', NULL),
  ('10000000-0000-0000-0000-000000000033', 'R024', 'Дмитриев', 'Дмитрий', 'Дмитриевич', 'Руководитель группы всп. ПО (проект)', '20000000-0000-0000-0000-000000000025', '10000000-0000-0000-0000-000000000030', 'active', 'dmitriev@zavod1.ru', NULL),
  ('10000000-0000-0000-0000-000000000101', 'T001', 'Фёдорова', 'Анна', 'Сергеевна', 'Методист', '20000000-0000-0000-0000-000000000003', '10000000-0000-0000-0000-000000000011', 'active', 'fedorova@zavod1.ru', '00000000-0000-0000-0000-000000000101'),
  ('10000000-0000-0000-0000-000000000102', 'T002', 'Кириллова', 'Елена', 'Петровна', 'Методист', '20000000-0000-0000-0000-000000000003', '10000000-0000-0000-0000-000000000011', 'active', 'kirillova@zavod1.ru', '00000000-0000-0000-0000-000000000102'),
  ('10000000-0000-0000-0000-000000000103', 'T003', 'Борисова', 'Ольга', 'Игоревна', 'Методист', '20000000-0000-0000-0000-000000000003', '10000000-0000-0000-0000-000000000011', 'active', 'borisova@zavod1.ru', '00000000-0000-0000-0000-000000000103'),
  ('10000000-0000-0000-0000-000000000104', 'T004', 'Григорьева', 'Наталья', 'Владимировна', 'Методист', '20000000-0000-0000-0000-000000000003', '10000000-0000-0000-0000-000000000011', 'active', 'grigorieva@zavod1.ru', '00000000-0000-0000-0000-000000000104'),
  ('10000000-0000-0000-0000-000000000105', 'T005', 'Яковлева', 'Татьяна', 'Александровна', 'Методист', '20000000-0000-0000-0000-000000000003', '10000000-0000-0000-0000-000000000011', 'active', 'yakovleva@zavod1.ru', '00000000-0000-0000-0000-000000000105'),
  ('10000000-0000-0000-0000-000000000106', 'T006', 'Титова', 'Марина', 'Сергеевна', 'Методист', '20000000-0000-0000-0000-000000000003', '10000000-0000-0000-0000-000000000011', 'active', 'titova@zavod1.ru', '00000000-0000-0000-0000-000000000106'),
  ('10000000-0000-0000-0000-000000000107', 'T007', 'Кузьмина', 'Екатерина', 'Дмитриевна', 'Методист', '20000000-0000-0000-0000-000000000003', '10000000-0000-0000-0000-000000000011', 'active', 'kuzmina@zavod1.ru', '00000000-0000-0000-0000-000000000107'),
  ('10000000-0000-0000-0000-000000000108', 'T008', 'Медведева', 'Светлана', 'Алексеевна', 'Методист', '20000000-0000-0000-0000-000000000003', '10000000-0000-0000-0000-000000000011', 'active', 'medvedeva@zavod1.ru', '00000000-0000-0000-0000-000000000108'),
  ('10000000-0000-0000-0000-000000000109', 'T009', 'Ершова', 'Вера', 'Ивановна', 'Методист', '20000000-0000-0000-0000-000000000003', '10000000-0000-0000-0000-000000000011', 'active', 'ershova@zavod1.ru', '00000000-0000-0000-0000-000000000109'),
  ('10000000-0000-0000-0000-000000000110', 'T010', 'Семёнова', 'Любовь', 'Петровна', 'Методист', '20000000-0000-0000-0000-000000000003', '10000000-0000-0000-0000-000000000011', 'active', 'semenova@zavod1.ru', '00000000-0000-0000-0000-000000000110'),
  ('10000000-0000-0000-0000-000000000111', 'D001', 'Зуева', 'Анна', 'Сергеевна', 'Специалист по допускам', '20000000-0000-0000-0000-000000000004', '10000000-0000-0000-0000-000000000012', 'active', 'zueva@zavod1.ru', NULL),
  ('10000000-0000-0000-0000-000000000112', 'D002', 'Козлова', 'Елена', 'Петровна', 'Специалист по допускам', '20000000-0000-0000-0000-000000000004', '10000000-0000-0000-0000-000000000012', 'active', 'kozlova@zavod1.ru', NULL),
  ('10000000-0000-0000-0000-000000000113', 'D003', 'Николаева', 'Ольга', 'Игоревна', 'Специалист по допускам', '20000000-0000-0000-0000-000000000004', '10000000-0000-0000-0000-000000000012', 'active', 'nikolaeva@zavod1.ru', NULL),
  ('10000000-0000-0000-0000-000000000114', 'D004', 'Павлова', 'Наталья', 'Владимировна', 'Специалист по допускам', '20000000-0000-0000-0000-000000000004', '10000000-0000-0000-0000-000000000012', 'active', 'pavlova@zavod1.ru', NULL),
  ('10000000-0000-0000-0000-000000000115', 'D005', 'Смирнова', 'Татьяна', 'Александровна', 'Специалист по допускам', '20000000-0000-0000-0000-000000000004', '10000000-0000-0000-0000-000000000012', 'active', 'smirnova2@zavod1.ru', NULL),
  ('10000000-0000-0000-0000-000000000116', 'D006', 'Иванова', 'Марина', 'Сергеевна', 'Специалист по допускам', '20000000-0000-0000-0000-000000000004', '10000000-0000-0000-0000-000000000012', 'active', 'ivanova2@zavod1.ru', NULL),
  ('10000000-0000-0000-0000-000000000117', 'D007', 'Петрова', 'Екатерина', 'Дмитриевна', 'Специалист по допускам', '20000000-0000-0000-0000-000000000004', '10000000-0000-0000-0000-000000000012', 'active', 'petrova2@zavod1.ru', NULL),
  ('10000000-0000-0000-0000-000000000118', 'D008', 'Соколова', 'Светлана', 'Алексеевна', 'Специалист по допускам', '20000000-0000-0000-0000-000000000004', '10000000-0000-0000-0000-000000000012', 'active', 'sokolova2@zavod1.ru', NULL),
  ('10000000-0000-0000-0000-000000000119', 'D009', 'Михайлова', 'Вера', 'Ивановна', 'Специалист по допускам', '20000000-0000-0000-0000-000000000004', '10000000-0000-0000-0000-000000000012', 'active', 'mikhailova2@zavod1.ru', NULL),
  ('10000000-0000-0000-0000-000000000120', 'D010', 'Новикова', 'Любовь', 'Петровна', 'Специалист по допускам', '20000000-0000-0000-0000-000000000004', '10000000-0000-0000-0000-000000000012', 'active', 'novikova2@zavod1.ru', NULL);

COMMIT;


-- Миграция 003: Полноценные тестовые данные (Часть 2)
-- Дата: 29.06.2026

BEGIN;

-- ======================================================================
-- 4. РЯДОВЫЕ СОТРУДНИКИ (ПО ~10 НА ПРОИЗВОДСТВЕННУЮ ГРУППУ)
-- ======================================================================
INSERT INTO employees (id, personnel_number, last_name, first_name, middle_name, position, department_id, manager_id, status) VALUES
  -- Участок токарных ЧПУ (10 человек)
  ('10000000-0000-0000-0000-000000000201', 'T010', 'Антонов', 'Антон', 'Антонович', 'Токарь', '20000000-0000-0000-0000-000000000006', '10000000-0000-0000-0000-000000000014', 'active'),
  ('10000000-0000-0000-0000-000000000202', 'T011', 'Богданов', 'Богдан', 'Богданович', 'Токарь', '20000000-0000-0000-0000-000000000006', '10000000-0000-0000-0000-000000000014', 'active'),
  ('10000000-0000-0000-0000-000000000203', 'T012', 'Власов', 'Владислав', 'Владиславович', 'Токарь', '20000000-0000-0000-0000-000000000006', '10000000-0000-0000-0000-000000000014', 'active'),
  ('10000000-0000-0000-0000-000000000204', 'T013', 'Громов', 'Григорий', 'Григорьевич', 'Токарь', '20000000-0000-0000-0000-000000000006', '10000000-0000-0000-0000-000000000014', 'active'),
  ('10000000-0000-0000-0000-000000000205', 'T014', 'Денисов', 'Денис', 'Денисович', 'Токарь', '20000000-0000-0000-0000-000000000006', '10000000-0000-0000-0000-000000000014', 'active'),
  ('10000000-0000-0000-0000-000000000206', 'T015', 'Ершов', 'Евгений', 'Евгеньевич', 'Токарь', '20000000-0000-0000-0000-000000000006', '10000000-0000-0000-0000-000000000014', 'active'),
  ('10000000-0000-0000-0000-000000000207', 'T016', 'Жуков', 'Жорж', 'Жоресович', 'Токарь', '20000000-0000-0000-0000-000000000006', '10000000-0000-0000-0000-000000000014', 'active'),
  ('10000000-0000-0000-0000-000000000208', 'T017', 'Зимин', 'Захар', 'Захарович', 'Токарь', '20000000-0000-0000-0000-000000000006', '10000000-0000-0000-0000-000000000014', 'active'),
  ('10000000-0000-0000-0000-000000000209', 'T018', 'Игнатов', 'Игнат', 'Игнатович', 'Токарь', '20000000-0000-0000-0000-000000000006', '10000000-0000-0000-0000-000000000014', 'active'),
  ('10000000-0000-0000-0000-000000000210', 'T019', 'Климов', 'Клим', 'Климович', 'Токарь', '20000000-0000-0000-0000-000000000006', '10000000-0000-0000-0000-000000000014', 'active'),

  -- Участок фрезерных ЧПУ (10 человек)
  ('10000000-0000-0000-0000-000000000301', 'F010', 'Лазарев', 'Лазарь', 'Лазаревич', 'Фрезеровщик', '20000000-0000-0000-0000-000000000007', '10000000-0000-0000-0000-000000000015', 'active'),
  ('10000000-0000-0000-0000-000000000302', 'F011', 'Миронов', 'Мирон', 'Миронович', 'Фрезеровщик', '20000000-0000-0000-0000-000000000007', '10000000-0000-0000-0000-000000000015', 'active'),
  ('10000000-0000-0000-0000-000000000303', 'F012', 'Наумов', 'Наум', 'Наумович', 'Фрезеровщик', '20000000-0000-0000-0000-000000000007', '10000000-0000-0000-0000-000000000015', 'active'),
  ('10000000-0000-0000-0000-000000000304', 'F013', 'Осипов', 'Осип', 'Осипович', 'Фрезеровщик', '20000000-0000-0000-0000-000000000007', '10000000-0000-0000-0000-000000000015', 'active'),
  ('10000000-0000-0000-0000-000000000305', 'F014', 'Потапов', 'Потап', 'Потапович', 'Фрезеровщик', '20000000-0000-0000-0000-000000000007', '10000000-0000-0000-0000-000000000015', 'active'),
  ('10000000-0000-0000-0000-000000000306', 'F015', 'Родионов', 'Родион', 'Родионович', 'Фрезеровщик', '20000000-0000-0000-0000-000000000007', '10000000-0000-0000-0000-000000000015', 'active'),
  ('10000000-0000-0000-0000-000000000307', 'F016', 'Савельев', 'Савелий', 'Савельевич', 'Фрезеровщик', '20000000-0000-0000-0000-000000000007', '10000000-0000-0000-0000-000000000015', 'active'),
  ('10000000-0000-0000-0000-000000000308', 'F017', 'Тихонов', 'Тихон', 'Тихонович', 'Фрезеровщик', '20000000-0000-0000-0000-000000000007', '10000000-0000-0000-0000-000000000015', 'active'),
  ('10000000-0000-0000-0000-000000000309', 'F018', 'Уваров', 'Увар', 'Уварович', 'Фрезеровщик', '20000000-0000-0000-0000-000000000007', '10000000-0000-0000-0000-000000000015', 'active'),
  ('10000000-0000-0000-0000-000000000310', 'F019', 'Фомин', 'Фома', 'Фомич', 'Фрезеровщик', '20000000-0000-0000-0000-000000000007', '10000000-0000-0000-0000-000000000015', 'active'),

  -- Слесарный участок (10 человек)
  ('10000000-0000-0000-0000-000000000401', 'S010', 'Харитонов', 'Харитон', 'Харитонович', 'Слесарь', '20000000-0000-0000-0000-000000000008', '10000000-0000-0000-0000-000000000016', 'active'),
  ('10000000-0000-0000-0000-000000000402', 'S011', 'Цветков', 'Цветан', 'Цветанович', 'Слесарь', '20000000-0000-0000-0000-000000000008', '10000000-0000-0000-0000-000000000016', 'active'),
  ('10000000-0000-0000-0000-000000000403', 'S012', 'Чернов', 'Черн', 'Чернович', 'Слесарь', '20000000-0000-0000-0000-000000000008', '10000000-0000-0000-0000-000000000016', 'active'),
  ('10000000-0000-0000-0000-000000000404', 'S013', 'Шаров', 'Шар', 'Шарович', 'Слесарь', '20000000-0000-0000-0000-000000000008', '10000000-0000-0000-0000-000000000016', 'active'),
  ('10000000-0000-0000-0000-000000000405', 'S014', 'Щукин', 'Щука', 'Щукарович', 'Слесарь', '20000000-0000-0000-0000-000000000008', '10000000-0000-0000-0000-000000000016', 'active'),
  ('10000000-0000-0000-0000-000000000406', 'S015', 'Юдин', 'Юрий', 'Юрьевич', 'Слесарь', '20000000-0000-0000-0000-000000000008', '10000000-0000-0000-0000-000000000016', 'active'),
  ('10000000-0000-0000-0000-000000000407', 'S016', 'Якушев', 'Яков', 'Яковлевич', 'Слесарь', '20000000-0000-0000-0000-000000000008', '10000000-0000-0000-0000-000000000016', 'active'),
  ('10000000-0000-0000-0000-000000000408', 'S017', 'Агафонов', 'Агафон', 'Агафонович', 'Слесарь', '20000000-0000-0000-0000-000000000008', '10000000-0000-0000-0000-000000000016', 'active'),
  ('10000000-0000-0000-0000-000000000409', 'S018', 'Беляев', 'Бел', 'Белович', 'Слесарь', '20000000-0000-0000-0000-000000000008', '10000000-0000-0000-0000-000000000016', 'active'),
  ('10000000-0000-0000-0000-000000000410', 'S019', 'Воронов', 'Ворон', 'Воронович', 'Слесарь', '20000000-0000-0000-0000-000000000008', '10000000-0000-0000-0000-000000000016', 'active'),

  -- Группа контролёров (10 человек)
  ('10000000-0000-0000-0000-000000000501', 'C010', 'Галкин', 'Гал', 'Галкинович', 'Контролёр', '20000000-0000-0000-0000-000000000011', '10000000-0000-0000-0000-000000000019', 'active'),
  ('10000000-0000-0000-0000-000000000502', 'C011', 'Дроздов', 'Дрозд', 'Дроздович', 'Контролёр', '20000000-0000-0000-0000-000000000011', '10000000-0000-0000-0000-000000000019', 'active'),
  ('10000000-0000-0000-0000-000000000503', 'C012', 'Емельянов', 'Емельян', 'Емельянович', 'Контролёр', '20000000-0000-0000-0000-000000000011', '10000000-0000-0000-0000-000000000019', 'active'),
  ('10000000-0000-0000-0000-000000000504', 'C013', 'Жданов', 'Ждан', 'Жданович', 'Контролёр', '20000000-0000-0000-0000-000000000011', '10000000-0000-0000-0000-000000000019', 'active'),
  ('10000000-0000-0000-0000-000000000505', 'C014', 'Захаров', 'Захар', 'Захарович', 'Контролёр', '20000000-0000-0000-0000-000000000011', '10000000-0000-0000-0000-000000000019', 'active'),
  ('10000000-0000-0000-0000-000000000506', 'C015', 'Ильин', 'Илья', 'Ильич', 'Контролёр', '20000000-0000-0000-0000-000000000011', '10000000-0000-0000-0000-000000000019', 'active'),
  ('10000000-0000-0000-0000-000000000507', 'C016', 'Корнеев', 'Корней', 'Корнеевич', 'Контролёр', '20000000-0000-0000-0000-000000000011', '10000000-0000-0000-0000-000000000019', 'active'),
  ('10000000-0000-0000-0000-000000000508', 'C017', 'Логинов', 'Логин', 'Логинович', 'Контролёр', '20000000-0000-0000-0000-000000000011', '10000000-0000-0000-0000-000000000019', 'active'),
  ('10000000-0000-0000-0000-000000000509', 'C018', 'Мамонтов', 'Мамонт', 'Мамонтович', 'Контролёр', '20000000-0000-0000-0000-000000000011', '10000000-0000-0000-0000-000000000019', 'active'),
  ('10000000-0000-0000-0000-000000000510', 'C019', 'Нестеров', 'Нестор', 'Несторович', 'Контролёр', '20000000-0000-0000-0000-000000000011', '10000000-0000-0000-0000-000000000019', 'active'),

  -- Группа токарной обработки на ЧПУ (служба гл. технолога, 10 человек)
  ('10000000-0000-0000-0000-000000000601', 'GT01', 'Орехов', 'Орех', 'Орехович', 'Технолог-программист', '20000000-0000-0000-0000-000000000014', '10000000-0000-0000-0000-000000000022', 'active'),
  ('10000000-0000-0000-0000-000000000602', 'GT02', 'Петухов', 'Петух', 'Петухович', 'Технолог-программист', '20000000-0000-0000-0000-000000000014', '10000000-0000-0000-0000-000000000022', 'active'),
  ('10000000-0000-0000-0000-000000000603', 'GT03', 'Рогов', 'Рог', 'Рогович', 'Технолог-программист', '20000000-0000-0000-0000-000000000014', '10000000-0000-0000-0000-000000000022', 'active'),
  ('10000000-0000-0000-0000-000000000604', 'GT04', 'Соболев', 'Соболь', 'Соболевич', 'Технолог-программист', '20000000-0000-0000-0000-000000000014', '10000000-0000-0000-0000-000000000022', 'active'),
  ('10000000-0000-0000-0000-000000000605', 'GT05', 'Третьяков', 'Третий', 'Третьякович', 'Технолог-программист', '20000000-0000-0000-0000-000000000014', '10000000-0000-0000-0000-000000000022', 'active'),
  ('10000000-0000-0000-0000-000000000606', 'GT06', 'Устинов', 'Устин', 'Устинович', 'Технолог-программист', '20000000-0000-0000-0000-000000000014', '10000000-0000-0000-0000-000000000022', 'active'),
  ('10000000-0000-0000-0000-000000000607', 'GT07', 'Филатов', 'Филат', 'Филатович', 'Технолог-программист', '20000000-0000-0000-0000-000000000014', '10000000-0000-0000-0000-000000000022', 'active'),
  ('10000000-0000-0000-0000-000000000608', 'GT08', 'Хохлов', 'Хохол', 'Хохлович', 'Технолог-программист', '20000000-0000-0000-0000-000000000014', '10000000-0000-0000-0000-000000000022', 'active'),
  ('10000000-0000-0000-0000-000000000609', 'GT09', 'Царёв', 'Царь', 'Царевич', 'Технолог-программист', '20000000-0000-0000-0000-000000000014', '10000000-0000-0000-0000-000000000022', 'active'),
  ('10000000-0000-0000-0000-000000000610', 'GT10', 'Шмелёв', 'Шмель', 'Шмелёвич', 'Технолог-программист', '20000000-0000-0000-0000-000000000014', '10000000-0000-0000-0000-000000000022', 'active'),

  -- Группа фрезерной обработки на ЧПУ (10 человек)
  ('10000000-0000-0000-0000-000000000701', 'GF01', 'Щеглов', 'Щегол', 'Щеглович', 'Технолог-программист', '20000000-0000-0000-0000-000000000015', '10000000-0000-0000-0000-000000000023', 'active'),
  ('10000000-0000-0000-0000-000000000702', 'GF02', 'Эрнстов', 'Эрнст', 'Эрнстович', 'Технолог-программист', '20000000-0000-0000-0000-000000000015', '10000000-0000-0000-0000-000000000023', 'active'),
  ('10000000-0000-0000-0000-000000000703', 'GF03', 'Юрьев', 'Юрий', 'Юрьевич', 'Технолог-программист', '20000000-0000-0000-0000-000000000015', '10000000-0000-0000-0000-000000000023', 'active'),
  ('10000000-0000-0000-0000-000000000704', 'GF04', 'Яшин', 'Яша', 'Яшевич', 'Технолог-программист', '20000000-0000-0000-0000-000000000015', '10000000-0000-0000-0000-000000000023', 'active'),
  ('10000000-0000-0000-0000-000000000705', 'GF05', 'Андрианов', 'Андриан', 'Андрианович', 'Технолог-программист', '20000000-0000-0000-0000-000000000015', '10000000-0000-0000-0000-000000000023', 'active'),
  ('10000000-0000-0000-0000-000000000706', 'GF06', 'Борисов', 'Борис', 'Борисович', 'Технолог-программист', '20000000-0000-0000-0000-000000000015', '10000000-0000-0000-0000-000000000023', 'active'),
  ('10000000-0000-0000-0000-000000000707', 'GF07', 'Викторов', 'Виктор', 'Викторович', 'Технолог-программист', '20000000-0000-0000-0000-000000000015', '10000000-0000-0000-0000-000000000023', 'active'),
  ('10000000-0000-0000-0000-000000000708', 'GF08', 'Геннадиев', 'Геннадий', 'Геннадиевич', 'Технолог-программист', '20000000-0000-0000-0000-000000000015', '10000000-0000-0000-0000-000000000023', 'active'),
  ('10000000-0000-0000-0000-000000000709', 'GF09', 'Данилов', 'Данил', 'Данилович', 'Технолог-программист', '20000000-0000-0000-0000-000000000015', '10000000-0000-0000-0000-000000000023', 'active'),
  ('10000000-0000-0000-0000-000000000710', 'GF10', 'Евгеньев', 'Евгений', 'Евгеньевич', 'Технолог-программист', '20000000-0000-0000-0000-000000000015', '10000000-0000-0000-0000-000000000023', 'active'),

  -- Группа основного производства (10 человек)
  ('10000000-0000-0000-0000-000000000801', 'GP01', 'Жоров', 'Жор', 'Жорович', 'Инженер-технолог', '20000000-0000-0000-0000-000000000017', '10000000-0000-0000-0000-000000000025', 'active'),
  ('10000000-0000-0000-0000-000000000802', 'GP02', 'Звягин', 'Звяга', 'Звягинович', 'Инженер-технолог', '20000000-0000-0000-0000-000000000017', '10000000-0000-0000-0000-000000000025', 'active'),
  ('10000000-0000-0000-0000-000000000803', 'GP03', 'Ипатов', 'Ипат', 'Ипатович', 'Инженер-технолог', '20000000-0000-0000-0000-000000000017', '10000000-0000-0000-0000-000000000025', 'active'),
  ('10000000-0000-0000-0000-000000000804', 'GP04', 'Кабанов', 'Кабан', 'Кабанович', 'Инженер-технолог', '20000000-0000-0000-0000-000000000017', '10000000-0000-0000-0000-000000000025', 'active'),
  ('10000000-0000-0000-0000-000000000805', 'GP05', 'Лавров', 'Лавр', 'Лаврович', 'Инженер-технолог', '20000000-0000-0000-0000-000000000017', '10000000-0000-0000-0000-000000000025', 'active'),
  ('10000000-0000-0000-0000-000000000806', 'GP06', 'Марков', 'Марк', 'Маркович', 'Инженер-технолог', '20000000-0000-0000-0000-000000000017', '10000000-0000-0000-0000-000000000025', 'active'),
  ('10000000-0000-0000-0000-000000000807', 'GP07', 'Носов', 'Нос', 'Носович', 'Инженер-технолог', '20000000-0000-0000-0000-000000000017', '10000000-0000-0000-0000-000000000025', 'active'),
  ('10000000-0000-0000-0000-000000000808', 'GP08', 'Овчинников', 'Овчинник', 'Овчинникович', 'Инженер-технолог', '20000000-0000-0000-0000-000000000017', '10000000-0000-0000-0000-000000000025', 'active'),
  ('10000000-0000-0000-0000-000000000809', 'GP09', 'Панфилов', 'Панфил', 'Панфилович', 'Инженер-технолог', '20000000-0000-0000-0000-000000000017', '10000000-0000-0000-0000-000000000025', 'active'),
  ('10000000-0000-0000-0000-000000000810', 'GP10', 'Рябинин', 'Рябина', 'Рябинович', 'Инженер-технолог', '20000000-0000-0000-0000-000000000017', '10000000-0000-0000-0000-000000000025', 'active'),

  -- ИТ-отделы (по 10 человек в каждую группу)
  -- Группа разработки основного ПО
  ('10000000-0000-0000-0000-000000000901', 'IT01', 'Самсонов', 'Самсон', 'Самсонович', 'Разработчик', '20000000-0000-0000-0000-000000000020', '10000000-0000-0000-0000-000000000028', 'active'),
  ('10000000-0000-0000-0000-000000000902', 'IT02', 'Тарасов', 'Тарас', 'Тарасович', 'Разработчик', '20000000-0000-0000-0000-000000000020', '10000000-0000-0000-0000-000000000028', 'active'),
  ('10000000-0000-0000-0000-000000000903', 'IT03', 'Ульянов', 'Ульян', 'Ульянович', 'Разработчик', '20000000-0000-0000-0000-000000000020', '10000000-0000-0000-0000-000000000028', 'active'),
  ('10000000-0000-0000-0000-000000000904', 'IT04', 'Федотов', 'Федот', 'Федотович', 'Разработчик', '20000000-0000-0000-0000-000000000020', '10000000-0000-0000-0000-000000000028', 'active'),
  ('10000000-0000-0000-0000-000000000905', 'IT05', 'Харитонов', 'Харитон', 'Харитонович', 'Разработчик', '20000000-0000-0000-0000-000000000020', '10000000-0000-0000-0000-000000000028', 'active'),
  ('10000000-0000-0000-0000-000000000906', 'IT06', 'Цой', 'Цой', 'Цоевич', 'Разработчик', '20000000-0000-0000-0000-000000000020', '10000000-0000-0000-0000-000000000028', 'active'),
  ('10000000-0000-0000-0000-000000000907', 'IT07', 'Чехов', 'Чех', 'Чехович', 'Разработчик', '20000000-0000-0000-0000-000000000020', '10000000-0000-0000-0000-000000000028', 'active'),
  ('10000000-0000-0000-0000-000000000908', 'IT08', 'Шевцов', 'Шевец', 'Шевцович', 'Разработчик', '20000000-0000-0000-0000-000000000020', '10000000-0000-0000-0000-000000000028', 'active'),
  ('10000000-0000-0000-0000-000000000909', 'IT09', 'Щербаков', 'Щербак', 'Щербакович', 'Разработчик', '20000000-0000-0000-0000-000000000020', '10000000-0000-0000-0000-000000000028', 'active'),
  ('10000000-0000-0000-0000-000000000910', 'IT10', 'Эдельман', 'Эдель', 'Эдельманович', 'Разработчик', '20000000-0000-0000-0000-000000000020', '10000000-0000-0000-0000-000000000028', 'active'),

  -- Группа разработки вспомогательного ПО
  ('10000000-0000-0000-0000-000000000921', 'IA01', 'Юсупов', 'Юсуп', 'Юсупович', 'Разработчик', '20000000-0000-0000-0000-000000000021', '10000000-0000-0000-0000-000000000029', 'active'),
  ('10000000-0000-0000-0000-000000000922', 'IA02', 'Яблоков', 'Яблок', 'Яблокович', 'Разработчик', '20000000-0000-0000-0000-000000000021', '10000000-0000-0000-0000-000000000029', 'active'),
  ('10000000-0000-0000-0000-000000000923', 'IA03', 'Абрамов', 'Абрам', 'Абрамович', 'Разработчик', '20000000-0000-0000-0000-000000000021', '10000000-0000-0000-0000-000000000029', 'active'),
  ('10000000-0000-0000-0000-000000000924', 'IA04', 'Бенедиктов', 'Бенедикт', 'Бенедиктович', 'Разработчик', '20000000-0000-0000-0000-000000000021', '10000000-0000-0000-0000-000000000029', 'active'),
  ('10000000-0000-0000-0000-000000000925', 'IA05', 'Валерьянов', 'Валерьян', 'Валерьянович', 'Разработчик', '20000000-0000-0000-0000-000000000021', '10000000-0000-0000-0000-000000000029', 'active'),
  ('10000000-0000-0000-0000-000000000926', 'IA06', 'Гаврилов', 'Гаврил', 'Гаврилович', 'Разработчик', '20000000-0000-0000-0000-000000000021', '10000000-0000-0000-0000-000000000029', 'active'),
  ('10000000-0000-0000-0000-000000000927', 'IA07', 'Демьянов', 'Демьян', 'Демьянович', 'Разработчик', '20000000-0000-0000-0000-000000000021', '10000000-0000-0000-0000-000000000029', 'active'),
  ('10000000-0000-0000-0000-000000000928', 'IA08', 'Елизаров', 'Елизар', 'Елизарович', 'Разработчик', '20000000-0000-0000-0000-000000000021', '10000000-0000-0000-0000-000000000029', 'active'),
  ('10000000-0000-0000-0000-000000000929', 'IA09', 'Житенёв', 'Житень', 'Житенёвич', 'Разработчик', '20000000-0000-0000-0000-000000000021', '10000000-0000-0000-0000-000000000029', 'active'),
  ('10000000-0000-0000-0000-000000000930', 'IA10', 'Завьялов', 'Завьял', 'Завьялович', 'Разработчик', '20000000-0000-0000-0000-000000000021', '10000000-0000-0000-0000-000000000029', 'active');

COMMIT;